"Keyword","Service Category","Keyword Cluster","Location","Monthly Search Volume","Keyword Difficulty (KD)","CPC ($)","Competition Level","Search Intent","Commercial Intent Score","Lead Value Score","Opportunity Score","Top Competitors"
"website design bali","Web Design & Development","Service","Bali",320,11,1.19,"LOW","commercial",8,10,2327.27,""
"web development pricing bali","Web Design & Development","Commercial","Bali",440,31,4.02,"medium","transactional",10,10,1419.35,"Bali Web Developer | Island Media | 741 Studio"
"best web design bali","Web Design & Development","Comparison","Bali",580,35,3.28,"medium","commercial",8,10,1325.71,"Bali Web Design | Canggu Web Studio | Island Media | 741 Studio"
"web design bali","Web Design & Development","Service","Bali",320,20,1.19,"LOW","commercial",8,10,1280,""
"best web design agency bali","Web Design & Development","Comparison","Bali",530,37,3.62,"medium","commercial",8,10,1145.95,"Bali Web Design | Canggu Web Studio | Island Media | 741 Studio"
"web design cost bali","Web Design & Development","Commercial","Bali",560,49,3.35,"medium","transactional",10,10,1142.86,"Bali Web Design | Canggu Web Studio | Island Media | 741 Studio"
"premium web development studio bali","Web Design & Development","Service","Bali",460,33,3.55,"medium","commercial",8,10,1115.15,"Bali Web Developer | Island Media | 741 Studio"
"best web development bali","Web Design & Development","Comparison","Bali",460,37,3.57,"medium","commercial",8,10,994.59,"Bali Web Developer | Island Media | 741 Studio"
"best web designer bali","Web Design & Development","Comparison","Bali",530,43,3.36,"medium","commercial",8,10,986.05,"Bali Web Design | Canggu Web Studio | Island Media | 741 Studio"
"web design canggu","Web Design & Development","Service","Canggu",380,36,3.72,"medium","commercial",8,10,844.44,"Bali Web Design Canggu | Canggu Web Studio | Island Media Canggu | 741 Studio"
"cost to remove google reviews","Reputation Management & Review Removal","Commercial","Bali",140,15,6.68,"medium","transactional",10,9,840,"Reputation Defender | Review Eraser | 741 Studio"
"best remove google reviews bali","Reputation Management & Review Removal","Comparison","Bali",150,17,6.6,"medium","commercial",10,9,794.12,"Reputation Defender | Review Eraser | 741 Studio"
"google review removal bali","Reputation Management & Review Removal","Service","Bali",120,14,6.94,"medium","transactional",10,9,771.43,"741 Studio | Review Eraser"
"reputation management pricing bali","Reputation Management & Review Removal","Commercial","Bali",180,21,5.96,"medium","transactional",10,9,771.43,"Island Media | 741 Studio | Reputation Defender"
"best website design bali","Web Design & Development","Comparison","Bali",410,43,3.14,"medium","commercial",8,10,762.79,"Bali Web Design | Island Media"
"local seo bali","Local SEO & GBP Maps Optimization","Service","Bali",270,27,4.53,"medium","commercial",9,8,720,"SEO Agency Bali | 741 Studio | Bali SEO Services"
"best web developer bali","Web Design & Development","Comparison","Bali",280,32,2.9,"medium","commercial",8,10,700,"Bali Web Developer | Canggu Developer"
"top seo agencies in bali","Local SEO & GBP Maps Optimization","Comparison","Bali",250,27,4.78,"medium","commercial",9,8,666.67,"SEO Agency Bali | 741 Studio | Bali SEO Services"
"delete google reviews bali","Reputation Management & Review Removal","Service","Bali",110,15,6.39,"medium","transactional",10,9,660,"Review Eraser | 741 Studio"
"website design canggu","Web Design & Development","Service","Canggu",350,43,3.27,"medium","commercial",8,10,651.16,"Bali Web Design Canggu | Island Media Canggu"
"web development canggu","Web Design & Development","Service","Canggu",280,35,3.82,"medium","commercial",8,10,640,"Bali Web Developer Canggu | Island Media Canggu | 741 Studio"
"remove google reviews bali","Reputation Management & Review Removal","Service","Bali",120,17,6.95,"medium","transactional",10,9,635.29,"Reputation Defender | Review Eraser | 741 Studio"
"webflow developer bali","Web Design & Development","Service","Bali",190,27,3.75,"medium","transactional",9,10,633.33,"Canggu Web Studio | Webflow Agency Bali | 741 Studio"
"best google review removal bali","Reputation Management & Review Removal","Comparison","Bali",140,20,7.78,"medium","commercial",10,9,630,"741 Studio | Review Eraser"
"best reputation management bali","Reputation Management & Review Removal","Comparison","Bali",170,22,5.91,"medium","commercial",9,9,625.91,"Island Media | 741 Studio | Reputation Defender"
"ai workflow automation bali","AI & Marketing Automation","Service","Bali",100,12,4.21,"medium","commercial",9,8,600,"741 Studio | Canggu Tech"
"best ai workflow automation bali","AI & Marketing Automation","Comparison","Bali",90,11,4.63,"medium","commercial",9,8,589.09,"741 Studio | Canggu Tech"
"n8n developer bali","AI & Marketing Automation","Service","Bali",80,11,4.14,"medium","transactional",10,8,581.82,"741 Studio | Canggu Tech"
"best seo agency bali","Local SEO & GBP Maps Optimization","Comparison","Bali",410,51,4.69,"high","commercial",9,8,578.82,"SEO Agency Bali | Island Media | Bali SEO Specialist | 741 Studio"
"best automation agency bali","AI & Marketing Automation","Comparison","Bali",210,27,4.27,"medium","commercial",9,8,560,"SEO Agency Bali | 741 Studio | Bali SEO Services"
"best remove bad reviews bali","Reputation Management & Review Removal","Comparison","Bali",80,13,6.94,"medium","commercial",10,9,553.85,"Reputation Defender | 741 Studio"
"best delete google reviews bali","Reputation Management & Review Removal","Comparison","Bali",110,18,7.1,"medium","commercial",10,9,550,"Review Eraser | 741 Studio"
"lead generation automation bali","AI & Marketing Automation","Service","Bali",130,19,5.44,"medium","transactional",10,8,547.37,"741 Studio | SEO Agency Bali"
"webflow developer canggu","Web Design & Development","Service","Canggu",130,24,4.48,"medium","transactional",10,10,541.67,"Canggu Web Studio | Webflow Agency Bali Canggu | 741 Studio"
"best local seo bali","Local SEO & GBP Maps Optimization","Comparison","Bali",240,32,4.77,"medium","commercial",9,8,540,"SEO Agency Bali | 741 Studio | Bali SEO Services"
"best whatsapp automation bali","AI & Marketing Automation","Comparison","Bali",160,19,3.69,"medium","commercial",8,8,538.95,"741 Studio | WhatsApp Marketing Bali | Canggu Tech"
"web designer canggu","Web Design & Development","Service","Canggu",300,45,3.69,"medium","commercial",8,10,533.33,"Bali Web Design Canggu | Canggu Web Studio | Island Media Canggu | 741 Studio"
"whatsapp automation bali","AI & Marketing Automation","Service","Bali",140,19,3.49,"medium","transactional",9,8,530.53,"741 Studio | WhatsApp Marketing Bali | Canggu Tech"
"best seo services bali","Local SEO & GBP Maps Optimization","Comparison","Bali",260,36,4.95,"medium","commercial",9,8,520,"SEO Agency Bali | 741 Studio | Bali SEO Services"
"web designer ubud","Web Design & Development","Service","Ubud",220,34,3.29,"medium","commercial",8,10,517.65,"Bali Web Design Ubud | Canggu Web Studio Ubud | Island Media Ubud | 741 Studio"
"best webflow developer bali","Web Design & Development","Comparison","Bali",180,28,3.78,"medium","commercial",8,10,514.29,"Canggu Web Studio | Webflow Agency Bali | 741 Studio"
"seo retainer price bali","Local SEO & GBP Maps Optimization","Commercial","Bali",200,32,4.37,"medium","transactional",10,8,500,"SEO Agency Bali | 741 Studio | Bali SEO Services"
"best remove negative reviews bali","Reputation Management & Review Removal","Comparison","Bali",70,13,7.63,"medium","commercial",10,9,484.62,"Reputation Defender | 741 Studio"
"remove bad reviews bali","Reputation Management & Review Removal","Problem-Aware","Bali",80,15,7.25,"medium","transactional",10,9,480,"Reputation Defender | 741 Studio"
"web design ubud","Web Design & Development","Service","Ubud",220,37,3.13,"medium","commercial",8,10,475.68,"Bali Web Design Ubud | Canggu Web Studio Ubud | Island Media Ubud | 741 Studio"
"website design ubud","Web Design & Development","Service","Ubud",230,39,3.2,"medium","commercial",8,10,471.79,"Bali Web Design Ubud | Island Media Ubud"
"seo services bali","Local SEO & GBP Maps Optimization","Service","Bali",250,39,4.56,"medium","commercial",9,8,461.54,"SEO Agency Bali | 741 Studio | Bali SEO Services"
"reputation management bali","Reputation Management & Review Removal","Service","Bali",150,27,5.06,"medium","commercial",9,9,450,"Island Media | 741 Studio | Reputation Defender"
"google review removal canggu","Reputation Management & Review Removal","Service","Canggu",90,19,7.46,"medium","transactional",10,9,426.32,"741 Studio | Review Eraser Canggu"
"remove negative reviews bali","Reputation Management & Review Removal","Problem-Aware","Bali",70,15,7.28,"medium","transactional",10,9,420,"Reputation Defender | 741 Studio"
"web development ubud","Web Design & Development","Service","Ubud",170,34,3.94,"medium","commercial",8,10,400,"Bali Web Developer Ubud | Island Media Ubud | 741 Studio"
"web development seminyak","Web Design & Development","Service","Seminyak",170,34,3.47,"medium","commercial",8,10,400,"Bali Web Developer Seminyak | Island Media Seminyak | 741 Studio"
"web developer canggu","Web Design & Development","Service","Canggu",170,34,3,"medium","commercial",8,10,400,"Bali Web Developer Canggu | Canggu Developer"
"google business profile optimization bali","Local SEO & GBP Maps Optimization","Google Business Profile","Bali",100,16,3.52,"medium","commercial",8,8,400,"SEO Agency Bali | 741 Studio"
"best n8n developer bali","AI & Marketing Automation","Comparison","Bali",80,13,3.63,"medium","commercial",8,8,393.85,"741 Studio | Canggu Tech"
"website design seminyak","Web Design & Development","Service","Seminyak",210,44,3.49,"medium","commercial",8,10,381.82,"Bali Web Design Seminyak | Island Media Seminyak"
"web design seminyak","Web Design & Development","Service","Seminyak",200,42,3.37,"medium","commercial",8,10,380.95,"Bali Web Design Seminyak | Canggu Web Studio Seminyak | Island Media Seminyak | 741 Studio"
"remove google reviews canggu","Reputation Management & Review Removal","Service","Canggu",80,19,7,"medium","transactional",10,9,378.95,"Reputation Defender Canggu | Review Eraser Canggu | 741 Studio"
"web designer seminyak","Web Design & Development","Service","Seminyak",220,47,3.67,"medium","commercial",8,10,374.47,"Bali Web Design Seminyak | Canggu Web Studio Seminyak | Island Media Seminyak | 741 Studio"
"best lead generation automation bali","AI & Marketing Automation","Comparison","Bali",110,24,6.06,"medium","commercial",10,8,366.67,"741 Studio | SEO Agency Bali"
"google review removal ubud","Reputation Management & Review Removal","Service","Ubud",70,18,6.77,"medium","transactional",10,9,350,"741 Studio | Review Eraser Ubud"
"web developer ubud","Web Design & Development","Service","Ubud",140,33,3.19,"medium","commercial",8,10,339.39,"Bali Web Developer Ubud | Canggu Developer Ubud"
"google review removal seminyak","Reputation Management & Review Removal","Service","Seminyak",60,16,7.33,"medium","transactional",10,9,337.5,"741 Studio | Review Eraser Seminyak"
"best google business profile optimization bali","Local SEO & GBP Maps Optimization","Comparison","Bali",100,19,3.95,"medium","commercial",8,8,336.84,"SEO Agency Bali | 741 Studio"
"seo agency canggu","Local SEO & GBP Maps Optimization","Service","Canggu",210,45,5.53,"medium","commercial",9,8,336,"SEO Agency Bali Canggu | Island Media Canggu | Bali SEO Specialist Canggu | 741 Studio"
"delete google reviews canggu","Reputation Management & Review Removal","Service","Canggu",70,19,6.69,"medium","transactional",10,9,331.58,"Review Eraser Canggu | 741 Studio"
"reputation management canggu","Reputation Management & Review Removal","Service","Canggu",110,27,5.34,"medium","commercial",9,9,330,"Island Media Canggu | 741 Studio | Reputation Defender Canggu"
"web designer denpasar","Web Design & Development","Service","Denpasar",140,34,3.41,"medium","commercial",8,10,329.41,"Bali Web Design Denpasar | Canggu Web Studio Denpasar | Island Media Denpasar | 741 Studio"
"n8n developer canggu","AI & Marketing Automation","Service","Canggu",50,11,3.91,"medium","transactional",9,8,327.27,"741 Studio | Canggu Tech"
"web developer seminyak","Web Design & Development","Service","Seminyak",110,27,3.32,"medium","commercial",8,10,325.93,"Bali Web Developer Seminyak | Canggu Developer Seminyak"
"delete google reviews ubud","Reputation Management & Review Removal","Service","Ubud",50,14,6.39,"medium","transactional",10,9,321.43,"Review Eraser Ubud | 741 Studio"
"delete google reviews seminyak","Reputation Management & Review Removal","Service","Seminyak",50,14,6,"medium","transactional",10,9,321.43,"Review Eraser Seminyak | 741 Studio"
"remove negative reviews canggu","Reputation Management & Review Removal","Problem-Aware","Canggu",50,14,7.38,"medium","transactional",10,9,321.43,"Reputation Defender Canggu | 741 Studio"
"seo agency bali","Local SEO & GBP Maps Optimization","Service","Bali",50,10,3.6,"LOW","commercial",8,8,320,""
"best google maps marketing bali","Local SEO & GBP Maps Optimization","Comparison","Bali",70,14,3.46,"medium","commercial",8,8,320,"SEO Agency Bali | 741 Studio"
"webflow developer seminyak","Web Design & Development","Service","Seminyak",70,22,4.4,"medium","transactional",10,10,318.18,"Canggu Web Studio Seminyak | Webflow Agency Bali Seminyak | 741 Studio"
"remove google reviews seminyak","Reputation Management & Review Removal","Service","Seminyak",60,17,6.38,"medium","transactional",10,9,317.65,"Reputation Defender Seminyak | Review Eraser Seminyak | 741 Studio"
"remove bad reviews canggu","Reputation Management & Review Removal","Problem-Aware","Canggu",60,17,7.65,"medium","transactional",10,9,317.65,"Reputation Defender Canggu | 741 Studio"
"best seo consultant bali","Local SEO & GBP Maps Optimization","Comparison","Bali",130,27,3.88,"medium","commercial",8,8,308.15,"Bali SEO Specialist | Freelance SEO Bali | 741 Studio"
"remove google reviews ubud","Reputation Management & Review Removal","Service","Ubud",50,15,6.92,"medium","transactional",10,9,300,"Reputation Defender Ubud | Review Eraser Ubud | 741 Studio"
"remove bad reviews ubud","Reputation Management & Review Removal","Problem-Aware","Ubud",40,12,7.64,"medium","transactional",10,9,300,"Reputation Defender Ubud | 741 Studio"
"marketing automation bali","AI & Marketing Automation","Service","Bali",100,22,3.94,"medium","commercial",8,8,290.91,"741 Studio | Island Media | Canggu Tech"
"lead generation automation canggu","AI & Marketing Automation","Service","Canggu",80,22,5.43,"medium","transactional",10,8,290.91,"741 Studio | SEO Agency Bali Canggu"
"seo services canggu","Local SEO & GBP Maps Optimization","Service","Canggu",180,45,4.62,"medium","commercial",9,8,288,"SEO Agency Bali Canggu | 741 Studio | Bali SEO Services Canggu"
"local seo seminyak","Local SEO & GBP Maps Optimization","Service","Seminyak",110,28,4.23,"medium","commercial",9,8,282.86,"SEO Agency Bali Seminyak | 741 Studio | Bali SEO Services Seminyak"
"whatsapp automation canggu","AI & Marketing Automation","Service","Canggu",90,23,3.33,"medium","transactional",9,8,281.74,"741 Studio | WhatsApp Marketing Bali Canggu | Canggu Tech"
"local seo canggu","Local SEO & GBP Maps Optimization","Service","Canggu",140,36,4.65,"medium","commercial",9,8,280,"SEO Agency Bali Canggu | 741 Studio | Bali SEO Services Canggu"
"remove bad reviews seminyak","Reputation Management & Review Removal","Problem-Aware","Seminyak",40,13,7.59,"medium","transactional",10,9,276.92,"Reputation Defender Seminyak | 741 Studio"
"remove negative reviews ubud","Reputation Management & Review Removal","Problem-Aware","Ubud",40,13,7.6,"medium","transactional",10,9,276.92,"Reputation Defender Ubud | 741 Studio"
"best marketing automation bali","AI & Marketing Automation","Comparison","Bali",120,28,3.78,"medium","commercial",8,8,274.29,"741 Studio | Island Media | Canggu Tech"
"best crm integration bali","AI & Marketing Automation","Comparison","Bali",80,21,4.06,"medium","commercial",9,8,274.29,"741 Studio | Canggu Tech"
"ai workflow automation canggu","AI & Marketing Automation","Service","Canggu",60,16,4.12,"medium","commercial",9,8,270,"741 Studio | Canggu Tech"
"n8n developer ubud","AI & Marketing Automation","Service","Ubud",40,11,3.65,"medium","transactional",9,8,261.82,"741 Studio | Canggu Tech Ubud"
"lead automation for real estate bali","AI & Marketing Automation","Service","Bali",110,27,3.8,"medium","commercial",8,8,260.74,"741 Studio | Island Media | Canggu Tech"
"seo agency ubud","Local SEO & GBP Maps Optimization","Service","Ubud",170,47,5.01,"medium","commercial",9,8,260.43,"SEO Agency Bali Ubud | Island Media Ubud | Bali SEO Specialist Ubud | 741 Studio"
"seo services ubud","Local SEO & GBP Maps Optimization","Service","Ubud",130,36,4.52,"medium","commercial",9,8,260,"SEO Agency Bali Ubud | 741 Studio | Bali SEO Services Ubud"
"web designer kerobokan","Web Design & Development","Service","Kerobokan",110,34,3.4,"medium","commercial",8,10,258.82,"Bali Web Design Kerobokan | Canggu Web Studio Kerobokan | Island Media Kerobokan | 741 Studio"
"whatsapp automation seminyak","AI & Marketing Automation","Service","Seminyak",60,17,3.21,"medium","transactional",9,8,254.12,"741 Studio | WhatsApp Marketing Bali Seminyak | Canggu Tech Seminyak"
"marketing automation canggu","AI & Marketing Automation","Service","Canggu",80,23,4.33,"medium","commercial",9,8,250.43,"741 Studio | Island Media Canggu | Canggu Tech"
"webflow developer ubud","Web Design & Development","Service","Ubud",70,28,4.45,"medium","transactional",10,10,250,"Canggu Web Studio Ubud | Webflow Agency Bali Ubud | 741 Studio"
"google maps marketing bali","Local SEO & GBP Maps Optimization","Google Business Profile","Bali",70,18,3.07,"medium","commercial",8,8,248.89,"SEO Agency Bali | 741 Studio"
"seo services seminyak","Local SEO & GBP Maps Optimization","Service","Seminyak",110,32,4.46,"medium","commercial",9,8,247.5,"SEO Agency Bali Seminyak | 741 Studio | Bali SEO Services Seminyak"
"remove negative reviews seminyak","Reputation Management & Review Removal","Problem-Aware","Seminyak",30,11,7.46,"medium","transactional",10,9,245.45,"Reputation Defender Seminyak | 741 Studio"
"why is my business not showing on google maps bali","Local SEO & GBP Maps Optimization","Google Business Profile","Bali",260,34,4.21,"medium","informational",4,8,244.71,"SEO Agency Bali | 741 Studio | Bali SEO Services"
"whatsapp marketing automation for hotels","AI & Marketing Automation","Service","Bali",110,29,3.83,"medium","commercial",8,8,242.76,"741 Studio | Island Media | Canggu Tech"
"local seo ubud","Local SEO & GBP Maps Optimization","Service","Ubud",110,33,4.44,"medium","commercial",9,8,240,"SEO Agency Bali Ubud | 741 Studio | Bali SEO Services Ubud"
"seo consultant canggu","Local SEO & GBP Maps Optimization","Service","Canggu",110,33,4.36,"medium","commercial",9,8,240,"Bali SEO Specialist Canggu | Freelance SEO Bali Canggu | 741 Studio"
"google business profile optimization canggu","Local SEO & GBP Maps Optimization","Google Business Profile","Canggu",60,16,3.69,"medium","commercial",8,8,240,"SEO Agency Bali Canggu | 741 Studio"
"n8n developer seminyak","AI & Marketing Automation","Service","Seminyak",30,10,4.05,"medium","transactional",10,8,240,"741 Studio | Canggu Tech Seminyak"
"crm integration bali","AI & Marketing Automation","Service","Bali",70,19,3.86,"medium","commercial",8,8,235.79,"741 Studio | Canggu Tech"
"how to get rid of negative business reviews","Reputation Management & Review Removal","Informational","Bali",130,14,7.74,"medium","informational",5,5,232.14,"741 Studio | Review Eraser"
"web design uluwatu","Web Design & Development","Service","Uluwatu",130,45,3.06,"medium","commercial",8,10,231.11,"Bali Web Design Uluwatu | Canggu Web Studio Uluwatu | Island Media Uluwatu | 741 Studio"
"web designer sanur","Web Design & Development","Service","Sanur",110,40,3.69,"medium","commercial",8,10,220,"Bali Web Design Sanur | Canggu Web Studio Sanur | Island Media Sanur | 741 Studio"
"seo consultant ubud","Local SEO & GBP Maps Optimization","Service","Ubud",70,23,4.25,"medium","commercial",9,8,219.13,"Bali SEO Specialist Ubud | Freelance SEO Bali Ubud | 741 Studio"
"web development denpasar","Web Design & Development","Service","Denpasar",100,37,3.53,"medium","commercial",8,10,216.22,"Bali Web Developer Denpasar | Island Media Denpasar | 741 Studio"
"seo agency seminyak","Local SEO & GBP Maps Optimization","Service","Seminyak",150,50,5.35,"medium","commercial",9,8,216,"SEO Agency Bali Seminyak | Island Media Seminyak | Bali SEO Specialist Seminyak | 741 Studio"
"whatsapp automation ubud","AI & Marketing Automation","Service","Ubud",70,24,3.32,"medium","transactional",9,8,210,"741 Studio | WhatsApp Marketing Bali Ubud | Canggu Tech Ubud"
"web design kerobokan","Web Design & Development","Service","Kerobokan",120,46,3.61,"medium","commercial",8,10,208.7,"Bali Web Design Kerobokan | Canggu Web Studio Kerobokan | Island Media Kerobokan | 741 Studio"
"delete google reviews denpasar","Reputation Management & Review Removal","Service","Denpasar",30,13,6.78,"medium","transactional",10,9,207.69,"Review Eraser Denpasar | 741 Studio"
"how to rank google business profile higher","Local SEO & GBP Maps Optimization","Google Business Profile","Bali",220,34,4.23,"medium","informational",4,8,207.06,"SEO Agency Bali | 741 Studio | Bali SEO Services"
"ai workflow automation seminyak","AI & Marketing Automation","Service","Seminyak",40,14,4.06,"medium","commercial",9,8,205.71,"741 Studio | Canggu Tech Seminyak"
"website design uluwatu","Web Design & Development","Service","Uluwatu",100,39,3.43,"medium","commercial",8,10,205.13,"Bali Web Design Uluwatu | Island Media Uluwatu"
"reputation management ubud","Reputation Management & Review Removal","Service","Ubud",70,28,5.52,"medium","commercial",9,9,202.5,"Island Media Ubud | 741 Studio | Reputation Defender Ubud"
"website design denpasar","Web Design & Development","Service","Denpasar",110,45,3.19,"medium","commercial",8,10,195.56,"Bali Web Design Denpasar | Island Media Denpasar"
"reputation management seminyak","Reputation Management & Review Removal","Service","Seminyak",70,29,5.62,"medium","commercial",9,9,195.52,"Island Media Seminyak | 741 Studio | Reputation Defender Seminyak"
"local seo denpasar","Local SEO & GBP Maps Optimization","Service","Denpasar",70,26,4.79,"medium","commercial",9,8,193.85,"SEO Agency Bali Denpasar | 741 Studio | Bali SEO Services Denpasar"
"delete google reviews uluwatu","Reputation Management & Review Removal","Service","Uluwatu",30,14,5.9,"medium","transactional",10,9,192.86,"Review Eraser Uluwatu | 741 Studio"
"google review removal uluwatu","Reputation Management & Review Removal","Service","Uluwatu",30,14,7.43,"medium","transactional",10,9,192.86,"741 Studio | Review Eraser Uluwatu"
"webflow developer denpasar","Web Design & Development","Service","Denpasar",50,26,4.1,"medium","transactional",10,10,192.31,"Canggu Web Studio Denpasar | Webflow Agency Bali Denpasar | 741 Studio"
"website design kerobokan","Web Design & Development","Service","Kerobokan",100,42,3.11,"medium","commercial",8,10,190.48,"Bali Web Design Kerobokan | Island Media Kerobokan"
"web design nusa dua","Web Design & Development","Service","Nusa dua",80,34,3.46,"medium","commercial",8,10,188.24,"Bali Web Design Nusa dua | Canggu Web Studio Nusa dua | Island Media Nusa dua | 741 Studio"
"google maps marketing canggu","Local SEO & GBP Maps Optimization","Google Business Profile","Canggu",50,17,2.9,"medium","commercial",8,8,188.24,"SEO Agency Bali Canggu | 741 Studio"
"web designer uluwatu","Web Design & Development","Service","Uluwatu",110,48,3.72,"medium","commercial",8,10,183.33,"Bali Web Design Uluwatu | Canggu Web Studio Uluwatu | Island Media Uluwatu | 741 Studio"
"web development uluwatu","Web Design & Development","Service","Uluwatu",80,35,3.66,"medium","commercial",8,10,182.86,"Bali Web Developer Uluwatu | Island Media Uluwatu | 741 Studio"
"lead generation automation ubud","AI & Marketing Automation","Service","Ubud",50,22,6.32,"medium","transactional",10,8,181.82,"741 Studio | SEO Agency Bali Ubud"
"google review removal denpasar","Reputation Management & Review Removal","Service","Denpasar",40,20,7.79,"medium","transactional",10,9,180,"741 Studio | Review Eraser Denpasar"
"ai workflow automation ubud","AI & Marketing Automation","Service","Ubud",40,16,4.07,"medium","commercial",9,8,180,"741 Studio | Canggu Tech Ubud"
"web designer nusa dua","Web Design & Development","Service","Nusa dua",80,36,3.32,"medium","commercial",8,10,177.78,"Bali Web Design Nusa dua | Canggu Web Studio Nusa dua | Island Media Nusa dua | 741 Studio"
"website design sanur","Web Design & Development","Service","Sanur",90,41,3.04,"medium","commercial",8,10,175.61,"Bali Web Design Sanur | Island Media Sanur"
"how to remove bad google review","Reputation Management & Review Removal","Informational","Bali",130,19,7.28,"medium","informational",5,5,171.05,"741 Studio | Review Eraser"
"google business profile optimization seminyak","Local SEO & GBP Maps Optimization","Google Business Profile","Seminyak",40,15,3.98,"medium","commercial",8,8,170.67,"SEO Agency Bali Seminyak | 741 Studio"
"web design sanur","Web Design & Development","Service","Sanur",100,47,3.53,"medium","commercial",8,10,170.21,"Bali Web Design Sanur | Canggu Web Studio Sanur | Island Media Sanur | 741 Studio"
"whatsapp automation uluwatu","AI & Marketing Automation","Service","Uluwatu",40,17,3.65,"medium","transactional",9,8,169.41,"741 Studio | WhatsApp Marketing Bali Uluwatu | Canggu Tech Uluwatu"
"remove google reviews uluwatu","Reputation Management & Review Removal","Service","Uluwatu",30,16,6.7,"medium","transactional",10,9,168.75,"Reputation Defender Uluwatu | Review Eraser Uluwatu | 741 Studio"
"remove google reviews kerobokan","Reputation Management & Review Removal","Service","Kerobokan",30,16,6.22,"medium","transactional",10,9,168.75,"Reputation Defender Kerobokan | Review Eraser Kerobokan | 741 Studio"
"google review removal kerobokan","Reputation Management & Review Removal","Service","Kerobokan",30,16,7.35,"medium","transactional",10,9,168.75,"741 Studio | Review Eraser Kerobokan"
"web developer denpasar","Web Design & Development","Service","Denpasar",80,38,3.08,"medium","commercial",8,10,168.42,"Bali Web Developer Denpasar | Canggu Developer Denpasar"
"lead generation automation seminyak","AI & Marketing Automation","Service","Seminyak",50,24,6.01,"medium","transactional",10,8,166.67,"741 Studio | SEO Agency Bali Seminyak"
"web design jimbaran","Web Design & Development","Service","Jimbaran",80,40,3.14,"medium","commercial",8,10,160,"Bali Web Design Jimbaran | Canggu Web Studio Jimbaran | Island Media Jimbaran | 741 Studio"
"web development sanur","Web Design & Development","Service","Sanur",70,35,3.68,"medium","commercial",8,10,160,"Bali Web Developer Sanur | Island Media Sanur | 741 Studio"
"google maps marketing seminyak","Local SEO & GBP Maps Optimization","Google Business Profile","Seminyak",30,12,3.13,"medium","commercial",8,8,160,"SEO Agency Bali Seminyak | 741 Studio"
"whatsapp automation denpasar","AI & Marketing Automation","Service","Denpasar",40,18,3.33,"medium","transactional",9,8,160,"741 Studio | WhatsApp Marketing Bali Denpasar | Canggu Tech Denpasar"
"remove google reviews denpasar","Reputation Management & Review Removal","Service","Denpasar",30,17,6.66,"medium","transactional",10,9,158.82,"Reputation Defender Denpasar | Review Eraser Denpasar | 741 Studio"
"web developer uluwatu","Web Design & Development","Service","Uluwatu",60,31,3.06,"medium","commercial",8,10,154.84,"Bali Web Developer Uluwatu | Canggu Developer Uluwatu"
"web developer bali","Web Design & Development","Service","Bali",110,58,1.35,"LOW","commercial",8,10,151.72,""
"crm integration canggu","AI & Marketing Automation","Service","Canggu",40,19,4.2,"medium","commercial",9,8,151.58,"741 Studio | Canggu Tech"
"google business profile optimization ubud","Local SEO & GBP Maps Optimization","Google Business Profile","Ubud",40,17,3.7,"medium","commercial",8,8,150.59,"SEO Agency Bali Ubud | 741 Studio"
"web developer sanur","Web Design & Development","Service","Sanur",60,32,3.19,"medium","commercial",8,10,150,"Bali Web Developer Sanur | Canggu Developer Sanur"
"remove negative reviews uluwatu","Reputation Management & Review Removal","Problem-Aware","Uluwatu",20,12,7.24,"medium","transactional",10,9,150,"Reputation Defender Uluwatu | 741 Studio"
"local seo uluwatu","Local SEO & GBP Maps Optimization","Service","Uluwatu",60,29,4.43,"medium","commercial",9,8,148.97,"SEO Agency Bali Uluwatu | 741 Studio | Bali SEO Services Uluwatu"
"web designer jimbaran","Web Design & Development","Service","Jimbaran",70,39,3.29,"medium","commercial",8,10,143.59,"Bali Web Design Jimbaran | Canggu Web Studio Jimbaran | Island Media Jimbaran | 741 Studio"
"web development nusa dua","Web Design & Development","Service","Nusa dua",70,39,3.59,"medium","commercial",8,10,143.59,"Bali Web Developer Nusa dua | Island Media Nusa dua | 741 Studio"
"web development kerobokan","Web Design & Development","Service","Kerobokan",70,39,3.61,"medium","commercial",8,10,143.59,"Bali Web Developer Kerobokan | Island Media Kerobokan | 741 Studio"
"website design nusa dua","Web Design & Development","Service","Nusa dua",70,39,3.37,"medium","commercial",8,10,143.59,"Bali Web Design Nusa dua | Island Media Nusa dua"
"reputation management uluwatu","Reputation Management & Review Removal","Service","Uluwatu",40,23,5.05,"medium","commercial",9,9,140.87,"Island Media Uluwatu | 741 Studio | Reputation Defender Uluwatu"
"remove bad reviews denpasar","Reputation Management & Review Removal","Problem-Aware","Denpasar",20,13,6.93,"medium","transactional",10,9,138.46,"Reputation Defender Denpasar | 741 Studio"
"remove bad reviews kerobokan","Reputation Management & Review Removal","Problem-Aware","Kerobokan",20,13,6.63,"medium","transactional",10,9,138.46,"Reputation Defender Kerobokan | 741 Studio"
"web developer kerobokan","Web Design & Development","Service","Kerobokan",50,29,2.97,"medium","commercial",8,10,137.93,"Bali Web Developer Kerobokan | Canggu Developer Kerobokan"
"webflow developer kerobokan","Web Design & Development","Service","Kerobokan",40,29,4.11,"medium","transactional",10,10,137.93,"Canggu Web Studio Kerobokan | Webflow Agency Bali Kerobokan | 741 Studio"
"seo agency kerobokan","Local SEO & GBP Maps Optimization","Service","Kerobokan",80,42,5.18,"medium","commercial",9,8,137.14,"SEO Agency Bali Kerobokan | Island Media Kerobokan | Bali SEO Specialist Kerobokan | 741 Studio"
"google maps marketing ubud","Local SEO & GBP Maps Optimization","Google Business Profile","Ubud",30,14,3.28,"medium","commercial",8,8,137.14,"SEO Agency Bali Ubud | 741 Studio"
"web development jimbaran","Web Design & Development","Service","Jimbaran",60,40,4.15,"medium","commercial",9,10,135,"Bali Web Developer Jimbaran | Island Media Jimbaran | 741 Studio"
"seo agency uluwatu","Local SEO & GBP Maps Optimization","Service","Uluwatu",80,44,5.67,"medium","commercial",9,8,130.91,"SEO Agency Bali Uluwatu | Island Media Uluwatu | Bali SEO Specialist Uluwatu | 741 Studio"
"seo services denpasar","Local SEO & GBP Maps Optimization","Service","Denpasar",80,44,5.08,"medium","commercial",9,8,130.91,"SEO Agency Bali Denpasar | 741 Studio | Bali SEO Services Denpasar"
"seo consultant seminyak","Local SEO & GBP Maps Optimization","Service","Seminyak",60,33,4.29,"medium","commercial",9,8,130.91,"Bali SEO Specialist Seminyak | Freelance SEO Bali Seminyak | 741 Studio"
"ai workflow automation denpasar","AI & Marketing Automation","Service","Denpasar",20,11,4.2,"medium","commercial",9,8,130.91,"741 Studio | Canggu Tech Denpasar"
"remove bad reviews uluwatu","Reputation Management & Review Removal","Problem-Aware","Uluwatu",20,14,7.81,"medium","transactional",10,9,128.57,"Reputation Defender Uluwatu | 741 Studio"
"remove negative reviews denpasar","Reputation Management & Review Removal","Problem-Aware","Denpasar",20,14,6.3,"medium","transactional",10,9,128.57,"Reputation Defender Denpasar | 741 Studio"
"remove negative reviews kerobokan","Reputation Management & Review Removal","Problem-Aware","Kerobokan",20,14,6.84,"medium","transactional",10,9,128.57,"Reputation Defender Kerobokan | 741 Studio"
"whatsapp automation kerobokan","AI & Marketing Automation","Service","Kerobokan",30,17,3.54,"medium","transactional",9,8,127.06,"741 Studio | WhatsApp Marketing Bali Kerobokan | Canggu Tech Kerobokan"
"web developer nusa dua","Web Design & Development","Service","Nusa dua",50,32,3.04,"medium","commercial",8,10,125,"Bali Web Developer Nusa dua | Canggu Developer Nusa dua"
"webflow developer uluwatu","Web Design & Development","Service","Uluwatu",40,32,4.11,"medium","transactional",10,10,125,"Canggu Web Studio Uluwatu | Webflow Agency Bali Uluwatu | 741 Studio"
"web developer jimbaran","Web Design & Development","Service","Jimbaran",40,26,3.38,"medium","commercial",8,10,123.08,"Bali Web Developer Jimbaran | Canggu Developer Jimbaran"
"seo services uluwatu","Local SEO & GBP Maps Optimization","Service","Uluwatu",60,36,4.76,"medium","commercial",9,8,120,"SEO Agency Bali Uluwatu | 741 Studio | Bali SEO Services Uluwatu"
"remove bad reviews sanur","Reputation Management & Review Removal","Problem-Aware","Sanur",20,15,6.67,"medium","transactional",10,9,120,"Reputation Defender Sanur | 741 Studio"
"n8n developer denpasar","AI & Marketing Automation","Service","Denpasar",20,12,3.98,"medium","transactional",9,8,120,"741 Studio | Canggu Tech Denpasar"
"lead generation automation denpasar","AI & Marketing Automation","Service","Denpasar",30,20,6.35,"medium","transactional",10,8,120,"741 Studio | SEO Agency Bali Denpasar"
"crm integration ubud","AI & Marketing Automation","Service","Ubud",30,18,4.1,"medium","commercial",9,8,120,"741 Studio | Canggu Tech Ubud"
"marketing automation seminyak","AI & Marketing Automation","Service","Seminyak",50,27,3.92,"medium","commercial",8,8,118.52,"741 Studio | Island Media Seminyak | Canggu Tech Seminyak"
"seo agency denpasar","Local SEO & GBP Maps Optimization","Service","Denpasar",80,49,5.69,"medium","commercial",9,8,117.55,"SEO Agency Bali Denpasar | Island Media Denpasar | Bali SEO Specialist Denpasar | 741 Studio"
"reputation management sanur","Reputation Management & Review Removal","Service","Sanur",30,23,6.02,"medium","commercial",10,9,117.39,"Island Media Sanur | 741 Studio | Reputation Defender Sanur"
"website design jimbaran","Web Design & Development","Service","Jimbaran",60,41,3.23,"medium","commercial",8,10,117.07,"Bali Web Design Jimbaran | Island Media Jimbaran"
"reputation management denpasar","Reputation Management & Review Removal","Service","Denpasar",40,28,5.89,"medium","commercial",9,9,115.71,"Island Media Denpasar | 741 Studio | Reputation Defender Denpasar"
"reputation management kerobokan","Reputation Management & Review Removal","Service","Kerobokan",30,21,5.41,"medium","commercial",9,9,115.71,"Island Media Kerobokan | 741 Studio | Reputation Defender Kerobokan"
"n8n developer uluwatu","AI & Marketing Automation","Service","Uluwatu",20,14,4.02,"medium","transactional",10,8,114.29,"741 Studio | Canggu Tech Uluwatu"
"seo agency nusa dua","Local SEO & GBP Maps Optimization","Service","Nusa dua",60,38,5.48,"medium","commercial",9,8,113.68,"SEO Agency Bali Nusa dua | Island Media Nusa dua | Bali SEO Specialist Nusa dua | 741 Studio"
"whatsapp automation sanur","AI & Marketing Automation","Service","Sanur",30,19,3.57,"medium","transactional",9,8,113.68,"741 Studio | WhatsApp Marketing Bali Sanur | Canggu Tech Sanur"
"local seo sanur","Local SEO & GBP Maps Optimization","Service","Sanur",50,32,4.77,"medium","commercial",9,8,112.5,"SEO Agency Bali Sanur | 741 Studio | Bali SEO Services Sanur"
"seo services sanur","Local SEO & GBP Maps Optimization","Service","Sanur",50,32,4.46,"medium","commercial",9,8,112.5,"SEO Agency Bali Sanur | 741 Studio | Bali SEO Services Sanur"
"remove google reviews nusa dua","Reputation Management & Review Removal","Service","Nusa dua",20,16,7.48,"medium","transactional",10,9,112.5,"Reputation Defender Nusa dua | Review Eraser Nusa dua | 741 Studio"
"delete google reviews sanur","Reputation Management & Review Removal","Service","Sanur",20,16,6.66,"medium","transactional",10,9,112.5,"Review Eraser Sanur | 741 Studio"
"delete google reviews nusa dua","Reputation Management & Review Removal","Service","Nusa dua",20,16,7.04,"medium","transactional",10,9,112.5,"Review Eraser Nusa dua | 741 Studio"
"google review removal jimbaran","Reputation Management & Review Removal","Service","Jimbaran",20,16,8.23,"medium","transactional",10,9,112.5,"741 Studio | Review Eraser Jimbaran"
"n8n developer sanur","AI & Marketing Automation","Service","Sanur",20,13,3.97,"medium","transactional",9,8,110.77,"741 Studio | Canggu Tech Sanur"
"ai workflow automation uluwatu","AI & Marketing Automation","Service","Uluwatu",20,13,4.49,"medium","commercial",9,8,110.77,"741 Studio | Canggu Tech Uluwatu"
"google maps marketing denpasar","Local SEO & GBP Maps Optimization","Google Business Profile","Denpasar",20,12,2.92,"medium","commercial",8,8,106.67,"SEO Agency Bali Denpasar | 741 Studio"
"delete google reviews jimbaran","Reputation Management & Review Removal","Service","Jimbaran",20,17,6.15,"medium","transactional",10,9,105.88,"Review Eraser Jimbaran | 741 Studio"
"delete google reviews kerobokan","Reputation Management & Review Removal","Service","Kerobokan",20,17,6.78,"medium","transactional",10,9,105.88,"Review Eraser Kerobokan | 741 Studio"
"seo consultant uluwatu","Local SEO & GBP Maps Optimization","Service","Uluwatu",40,28,4.15,"medium","commercial",9,8,102.86,"Bali SEO Specialist Uluwatu | Freelance SEO Bali Uluwatu | 741 Studio"
"seo consultant denpasar","Local SEO & GBP Maps Optimization","Service","Denpasar",40,28,4.33,"medium","commercial",9,8,102.86,"Bali SEO Specialist Denpasar | Freelance SEO Bali Denpasar | 741 Studio"
"google business profile optimization denpasar","Local SEO & GBP Maps Optimization","Google Business Profile","Denpasar",20,14,4.04,"medium","commercial",9,8,102.86,"SEO Agency Bali Denpasar | 741 Studio"
"marketing automation ubud","AI & Marketing Automation","Service","Ubud",40,28,4.13,"medium","commercial",9,8,102.86,"741 Studio | Island Media Ubud | Canggu Tech Ubud"
"marketing automation denpasar","AI & Marketing Automation","Service","Denpasar",30,21,4.18,"medium","commercial",9,8,102.86,"741 Studio | Island Media Denpasar | Canggu Tech Denpasar"
"local seo kerobokan","Local SEO & GBP Maps Optimization","Service","Kerobokan",50,36,4.13,"medium","commercial",9,8,100,"SEO Agency Bali Kerobokan | 741 Studio | Bali SEO Services Kerobokan"
"remove google reviews jimbaran","Reputation Management & Review Removal","Service","Jimbaran",20,18,6.42,"medium","transactional",10,9,100,"Reputation Defender Jimbaran | Review Eraser Jimbaran | 741 Studio"
"seo services kerobokan","Local SEO & GBP Maps Optimization","Service","Kerobokan",50,37,4.79,"medium","commercial",9,8,97.3,"SEO Agency Bali Kerobokan | 741 Studio | Bali SEO Services Kerobokan"
"crm integration seminyak","AI & Marketing Automation","Service","Seminyak",30,21,3.92,"medium","commercial",8,8,91.43,"741 Studio | Canggu Tech Seminyak"
"webflow developer sanur","Web Design & Development","Service","Sanur",30,33,4.45,"medium","transactional",10,10,90.91,"Canggu Web Studio Sanur | Webflow Agency Bali Sanur | 741 Studio"
"seo agency sanur","Local SEO & GBP Maps Optimization","Service","Sanur",60,48,4.78,"medium","commercial",9,8,90,"SEO Agency Bali Sanur | Island Media Sanur | Bali SEO Specialist Sanur | 741 Studio"
"remove google reviews sanur","Reputation Management & Review Removal","Service","Sanur",20,20,7.22,"medium","transactional",10,9,90,"Reputation Defender Sanur | Review Eraser Sanur | 741 Studio"
"google review removal sanur","Reputation Management & Review Removal","Service","Sanur",20,20,7.27,"medium","transactional",10,9,90,"741 Studio | Review Eraser Sanur"
"google review removal nusa dua","Reputation Management & Review Removal","Service","Nusa dua",20,20,7.9,"medium","transactional",10,9,90,"741 Studio | Review Eraser Nusa dua"
"ai workflow automation kerobokan","AI & Marketing Automation","Service","Kerobokan",20,16,4.06,"medium","commercial",9,8,90,"741 Studio | Canggu Tech Kerobokan"
"lead generation automation jimbaran","AI & Marketing Automation","Service","Jimbaran",20,18,5.66,"medium","transactional",10,8,88.89,"741 Studio | SEO Agency Bali Jimbaran"
"lead generation automation kerobokan","AI & Marketing Automation","Service","Kerobokan",20,18,5.25,"medium","transactional",10,8,88.89,"741 Studio | SEO Agency Bali Kerobokan"
"seo services nusa dua","Local SEO & GBP Maps Optimization","Service","Nusa dua",50,42,4.6,"medium","commercial",9,8,85.71,"SEO Agency Bali Nusa dua | 741 Studio | Bali SEO Services Nusa dua"
"google maps marketing kerobokan","Local SEO & GBP Maps Optimization","Google Business Profile","Kerobokan",20,15,2.92,"medium","commercial",8,8,85.33,"SEO Agency Bali Kerobokan | 741 Studio"
"whatsapp automation jimbaran","AI & Marketing Automation","Service","Jimbaran",20,17,3.74,"medium","transactional",9,8,84.71,"741 Studio | WhatsApp Marketing Bali Jimbaran | Canggu Tech Jimbaran"
"lead generation automation sanur","AI & Marketing Automation","Service","Sanur",20,19,6.14,"medium","transactional",10,8,84.21,"741 Studio | SEO Agency Bali Sanur"
"lead generation automation nusa dua","AI & Marketing Automation","Service","Nusa dua",20,19,5.75,"medium","transactional",10,8,84.21,"741 Studio | SEO Agency Bali Nusa dua"
"webflow developer nusa dua","Web Design & Development","Service","Nusa dua",20,24,4.04,"medium","transactional",10,10,83.33,"Canggu Web Studio Nusa dua | Webflow Agency Bali Nusa dua | 741 Studio"
"seo agency jimbaran","Local SEO & GBP Maps Optimization","Service","Jimbaran",60,52,4.87,"medium","commercial",9,8,83.08,"SEO Agency Bali Jimbaran | Island Media Jimbaran | Bali SEO Specialist Jimbaran | 741 Studio"
"seo services jimbaran","Local SEO & GBP Maps Optimization","Service","Jimbaran",40,35,5.01,"medium","commercial",9,8,82.29,"SEO Agency Bali Jimbaran | 741 Studio | Bali SEO Services Jimbaran"
"remove negative reviews sanur","Reputation Management & Review Removal","Problem-Aware","Sanur",10,11,7.13,"medium","transactional",10,9,81.82,"Reputation Defender Sanur | 741 Studio"
"web design denpasar","Web Design & Development","Service","Denpasar",10,10,0,"LOW","commercial",8,10,80,""
"local seo nusa dua","Local SEO & GBP Maps Optimization","Service","Nusa dua",30,27,4.16,"medium","commercial",9,8,80,"SEO Agency Bali Nusa dua | 741 Studio | Bali SEO Services Nusa dua"
"n8n developer nusa dua","AI & Marketing Automation","Service","Nusa dua",10,10,4.01,"medium","transactional",10,8,80,"741 Studio | Canggu Tech Nusa dua"
"crm integration uluwatu","AI & Marketing Automation","Service","Uluwatu",20,18,4.36,"medium","commercial",9,8,80,"741 Studio | Canggu Tech Uluwatu"
"crm integration denpasar","AI & Marketing Automation","Service","Denpasar",20,18,4.11,"medium","commercial",9,8,80,"741 Studio | Canggu Tech Denpasar"
"reputation management jimbaran","Reputation Management & Review Removal","Service","Jimbaran",20,21,5.71,"medium","commercial",9,9,77.14,"Island Media Jimbaran | 741 Studio | Reputation Defender Jimbaran"
"webflow developer jimbaran","Web Design & Development","Service","Jimbaran",20,26,4.31,"medium","transactional",10,10,76.92,"Canggu Web Studio Jimbaran | Webflow Agency Bali Jimbaran | 741 Studio"
"seo consultant sanur","Local SEO & GBP Maps Optimization","Service","Sanur",30,25,3.83,"medium","commercial",8,8,76.8,"Bali SEO Specialist Sanur | Freelance SEO Bali Sanur | 741 Studio"
"google business profile optimization kerobokan","Local SEO & GBP Maps Optimization","Google Business Profile","Kerobokan",20,19,4.14,"medium","commercial",9,8,75.79,"SEO Agency Bali Kerobokan | 741 Studio"
"marketing automation nusa dua","AI & Marketing Automation","Service","Nusa dua",20,19,4.27,"medium","commercial",9,8,75.79,"741 Studio | Island Media Nusa dua | Canggu Tech Nusa dua"
"google maps marketing uluwatu","Local SEO & GBP Maps Optimization","Google Business Profile","Uluwatu",20,18,3.28,"medium","commercial",8,8,71.11,"SEO Agency Bali Uluwatu | 741 Studio"
"remove bad reviews nusa dua","Reputation Management & Review Removal","Problem-Aware","Nusa dua",10,13,6.74,"medium","transactional",10,9,69.23,"Reputation Defender Nusa dua | 741 Studio"
"remove negative reviews jimbaran","Reputation Management & Review Removal","Problem-Aware","Jimbaran",10,13,7.39,"medium","transactional",10,9,69.23,"Reputation Defender Jimbaran | 741 Studio"
"reputation management nusa dua","Reputation Management & Review Removal","Service","Nusa dua",20,24,5.39,"medium","commercial",9,9,67.5,"Island Media Nusa dua | 741 Studio | Reputation Defender Nusa dua"
"marketing automation kerobokan","AI & Marketing Automation","Service","Kerobokan",20,19,3.92,"medium","commercial",8,8,67.37,"741 Studio | Island Media Kerobokan | Canggu Tech Kerobokan"
"marketing automation uluwatu","AI & Marketing Automation","Service","Uluwatu",20,22,4.03,"medium","commercial",9,8,65.45,"741 Studio | Island Media Uluwatu | Canggu Tech Uluwatu"
"whatsapp automation nusa dua","AI & Marketing Automation","Service","Nusa dua",20,22,3.17,"medium","transactional",9,8,65.45,"741 Studio | WhatsApp Marketing Bali Nusa dua | Canggu Tech Nusa dua"
"ai workflow automation jimbaran","AI & Marketing Automation","Service","Jimbaran",10,11,4.3,"medium","commercial",9,8,65.45,"741 Studio | Canggu Tech Jimbaran"
"seo consultant bali","Local SEO & GBP Maps Optimization","Service","Bali",10,10,0,"HIGH","commercial",8,8,64,""
"lead generation automation uluwatu","AI & Marketing Automation","Service","Uluwatu",20,25,6.28,"medium","transactional",10,8,64,"741 Studio | SEO Agency Bali Uluwatu"
"local seo jimbaran","Local SEO & GBP Maps Optimization","Service","Jimbaran",30,34,4.88,"medium","commercial",9,8,63.53,"SEO Agency Bali Jimbaran | 741 Studio | Bali SEO Services Jimbaran"
"google business profile optimization sanur","Local SEO & GBP Maps Optimization","Google Business Profile","Sanur",20,21,3.8,"medium","commercial",8,8,60.95,"SEO Agency Bali Sanur | 741 Studio"
"remove bad reviews jimbaran","Reputation Management & Review Removal","Problem-Aware","Jimbaran",10,15,6.57,"medium","transactional",10,9,60,"Reputation Defender Jimbaran | 741 Studio"
"marketing automation sanur","AI & Marketing Automation","Service","Sanur",20,24,4.59,"medium","commercial",9,8,60,"741 Studio | Island Media Sanur | Canggu Tech Sanur"
"seo consultant kerobokan","Local SEO & GBP Maps Optimization","Service","Kerobokan",30,33,3.9,"medium","commercial",8,8,58.18,"Bali SEO Specialist Kerobokan | Freelance SEO Bali Kerobokan | 741 Studio"
"google business profile optimization uluwatu","Local SEO & GBP Maps Optimization","Google Business Profile","Uluwatu",20,22,3.64,"medium","commercial",8,8,58.18,"SEO Agency Bali Uluwatu | 741 Studio"
"n8n developer jimbaran","AI & Marketing Automation","Service","Jimbaran",10,13,3.97,"medium","transactional",9,8,55.38,"741 Studio | Canggu Tech Jimbaran"
"remove negative reviews nusa dua","Reputation Management & Review Removal","Problem-Aware","Nusa dua",10,17,7.39,"medium","transactional",10,9,52.94,"Reputation Defender Nusa dua | 741 Studio"
"web development bali","Web Design & Development","Service","Bali",30,58,6.96,"LOW","commercial",10,10,51.72,""
"seo consultant jimbaran","Local SEO & GBP Maps Optimization","Service","Jimbaran",20,28,4.11,"medium","commercial",9,8,51.43,"Bali SEO Specialist Jimbaran | Freelance SEO Bali Jimbaran | 741 Studio"
"n8n developer kerobokan","AI & Marketing Automation","Service","Kerobokan",10,14,3.76,"medium","transactional",9,8,51.43,"741 Studio | Canggu Tech Kerobokan"
"marketing automation jimbaran","AI & Marketing Automation","Service","Jimbaran",20,25,3.95,"medium","commercial",8,8,51.2,"741 Studio | Island Media Jimbaran | Canggu Tech Jimbaran"
"google maps marketing nusa dua","Local SEO & GBP Maps Optimization","Google Business Profile","Nusa dua",10,13,3.39,"medium","commercial",8,8,49.23,"SEO Agency Bali Nusa dua | 741 Studio"
"ai workflow automation nusa dua","AI & Marketing Automation","Service","Nusa dua",10,15,4.64,"medium","commercial",9,8,48,"741 Studio | Canggu Tech Nusa dua"
"seo consultant nusa dua","Local SEO & GBP Maps Optimization","Service","Nusa dua",20,31,4.53,"medium","commercial",9,8,46.45,"Bali SEO Specialist Nusa dua | Freelance SEO Bali Nusa dua | 741 Studio"
"google maps marketing jimbaran","Local SEO & GBP Maps Optimization","Google Business Profile","Jimbaran",10,14,3.43,"medium","commercial",8,8,45.71,"SEO Agency Bali Jimbaran | 741 Studio"
"ai workflow automation sanur","AI & Marketing Automation","Service","Sanur",10,16,4.66,"medium","commercial",9,8,45,"741 Studio | Canggu Tech Sanur"
"google business profile optimization nusa dua","Local SEO & GBP Maps Optimization","Google Business Profile","Nusa dua",10,17,4.16,"medium","commercial",9,8,42.35,"SEO Agency Bali Nusa dua | 741 Studio"
"web designer bali","Web Design & Development","Service","Bali",20,39,3.33,"MEDIUM","commercial",8,10,41.03,""
"google maps marketing sanur","Local SEO & GBP Maps Optimization","Google Business Profile","Sanur",10,16,3.11,"medium","commercial",8,8,40,"SEO Agency Bali Sanur | 741 Studio"
"crm integration sanur","AI & Marketing Automation","Service","Sanur",10,18,4.05,"medium","commercial",9,8,40,"741 Studio | Canggu Tech Sanur"
"crm integration nusa dua","AI & Marketing Automation","Service","Nusa dua",10,19,4.39,"medium","commercial",9,8,37.89,"741 Studio | Canggu Tech Nusa dua"
"crm integration jimbaran","AI & Marketing Automation","Service","Jimbaran",10,17,3.62,"medium","commercial",8,8,37.65,"741 Studio | Canggu Tech Jimbaran"
"crm integration kerobokan","AI & Marketing Automation","Service","Kerobokan",10,20,4.01,"medium","commercial",9,8,36,"741 Studio | Canggu Tech Kerobokan"
"google business profile optimization jimbaran","Local SEO & GBP Maps Optimization","Google Business Profile","Jimbaran",10,20,3.5,"medium","commercial",8,8,32,"SEO Agency Bali Jimbaran | 741 Studio"
